url,product_type,keywords
https://7bonkers.com,ornament,regular service refer night wrapping mask christmas please
https://9wik.com,,
https://acegolfs.com,regular,upf50 golf inch sale premium quarterzip sleeve shirt
https://artisancutlery.net,handle,blade knife knives cjrb regular lock folding gambit
https://audienhearing.com,hearing,sound aids risk control clear simple easy verified
https://beecoolbikes.com,bee,bike bikes ebike beecool adventurer suspension ride motor
https://bugmd.com,pest,control used directed bugmd plant home safe pests
https://carerspk.com,underwear,incontinence first choose view leak bladder men social
https://clarifion.com,air,clarifion room ionizers fresh device ionization purifiers return
https://cleanomic.com,earth,without home alternatives world solutions harsh mission change
https://collarsandco.com,now,performance apex dress shirt blue sweater polo navy
https://cosmicmonica.com,reading,cosmicmonica life tarot readings clarity guidance career ask
https://cozybabywear.com,baby,bamboo mobile pajamas stretch thermo regulating zipper double
https://curtarra.com,curtains,shades curtain custom sheer linen curtarra please blackout
https://drinkbrez.com,feel,application drinks tonics cannabis trio thc 4pk micro
https://funnyfuzzy.com,dog,bed sale couch show covers seat sheets cover
https://gleefullsupps.com,fat,meno per now start bottle belly sellers try
https://groundingwell.com,grounding,earth groundingwell ground electrical electrons contact benefits grounded
https://hobbytron.com,flying,remote control years older spider man figures helicopters
https://inpeaceful.com,last,chance grab prices local dedicated ready assist anytime
https://puranutrausa.com,regular,pencil back double ended eyebrow sale unit per
https://cozytraildel.com,regular,women pendant necklace earrings sweet bracelet simple sale
https://etherealing.com,back,return local dedicated ready assist anytime global almost
https://theearthlingco.com,hair,thickness volume bar shampoo care conditioner body growth
https://truheightvitamins.com,growth,truheight development nba healthy sleep targeted approach hormone
